{
    "1": {
        "8548": "余晖",
        "8549": "宓桃",
        "8550": "武雪散",
        "8551": "猿飞",
        "8552": "哑头陀",
        "8553": "岳琳"
    },
    "2": {
        "9174": "罗芬胡汤",
        "9175": "赵八嫂",
        "9176": "海荼",
        "9177": "姜集苦",
        "9178": "宇文灭",
        "9179": "宫威",
        "9180": "宫傲"
    },
    "3": {
        "7529": "安小逢"
    },
    "4": {
        "9565": "巨型尖吻凤",
        "9566": "桑乔",
        "9567": "悉达罗摩",
        "9568": "血蛊巢心",
        "9569": "月泉淮",
        "9570": "乌蒙贵"
    },
    "5": {
        "10084": "勒齐那",
        "10085": "阿阁诺",
        "10086": "周通忌",
        "10087": "周贽",
        "10088": "常宿"
    }
}
