{"9": {"8550": [{"name": "铁牢律", "value": 120}, {"name": "明尊琉璃体", "value": 116}, {"name": "洗髓经", "value": 39}, {"name": "铁骨衣", "value": 3}], "8548": [{"name": "铁牢律", "value": 147}, {"name": "明尊琉璃体", "value": 145}, {"name": "洗髓经", "value": 58}, {"name": "铁骨衣", "value": 8}], "8549": [{"name": "铁牢律", "value": 123}, {"name": "明尊琉璃体", "value": 123}, {"name": "洗髓经", "value": 104}, {"name": "铁骨衣", "value": 1}]}, "11": {}, "7": {"8550": [{"name": "太玄经", "value": 256}, {"name": "问水诀", "value": 224}, {"name": "毒经", "value": 214}, {"name": "紫霞功", "value": 159}, {"name": "冰心诀", "value": 156}, {"name": "太虚剑意", "value": 141}, {"name": "北傲诀", "value": 128}, {"name": "易筋经", "value": 125}, {"name": "分山劲", "value": 125}, {"name": "笑尘诀", "value": 113}, {"name": "傲血战意", "value": 106}, {"name": "焚影圣诀", "value": 99}, {"name": "花间游", "value": 95}, {"name": "隐龙诀", "value": 88}, {"name": "天罗诡道", "value": 85}, {"name": "惊羽诀", "value": 69}, {"name": "凌海诀", "value": 47}, {"name": "莫问", "value": 46}], "8548": [{"name": "毒经", "value": 307}, {"name": "太玄经", "value": 298}, {"name": "问水诀", "value": 292}, {"name": "冰心诀", "value": 239}, {"name": "紫霞功", "value": 225}, {"name": "分山劲", "value": 189}, {"name": "太虚剑意", "value": 183}, {"name": "北傲诀", "value": 165}, {"name": "易筋经", "value": 159}, {"name": "傲血战意", "value": 146}, {"name": "花间游", "value": 143}, {"name": "笑尘诀", "value": 141}, {"name": "焚影圣诀", "value": 134}, {"name": "隐龙诀", "value": 121}, {"name": "惊羽诀", "value": 112}, {"name": "天罗诡道", "value": 92}, {"name": "凌海诀", "value": 68}, {"name": "莫问", "value": 56}], "8549": [{"name": "太玄经", "value": 257}, {"name": "问水诀", "value": 228}, {"name": "毒经", "value": 228}, {"name": "紫霞功", "value": 174}, {"name": "太虚剑意", "value": 149}, {"name": "冰心诀", "value": 144}, {"name": "分山劲", "value": 135}, {"name": "北傲诀", "value": 118}, {"name": "傲血战意", "value": 114}, {"name": "笑尘诀", "value": 108}, {"name": "焚影圣诀", "value": 98}, {"name": "花间游", "value": 96}, {"name": "隐龙诀", "value": 92}, {"name": "天罗诡道", "value": 81}, {"name": "易筋经", "value": 79}, {"name": "惊羽诀", "value": 72}, {"name": "莫问", "value": 49}, {"name": "凌海诀", "value": 42}]}, "6": {"8550": [{"name": "外功", "value": 1041, "itemStyle": {"color": "rgb(255,255,2)"}}, {"name": "内功", "value": 1235, "itemStyle": {"color": "rgb(0,204,255)"}}], "8548": [{"name": "外功", "value": 1417, "itemStyle": {"color": "rgb(255,255,2)"}}, {"name": "内功", "value": 1653, "itemStyle": {"color": "rgb(0,204,255)"}}], "8549": [{"name": "外功", "value": 1058, "itemStyle": {"color": "rgb(255,255,2)"}}, {"name": "内功", "value": 1206, "itemStyle": {"color": "rgb(0,204,255)"}}]}, "1": {"8550": {"servers": ["乾坤一掷", "幽月轮", "长安城", "破阵子", "斗转星移", "唯我独尊", "梦江南", "天鹅坪", "飞龙在天", "龙争虎斗", "绝代天骄", "蝶恋花", "青梅煮酒", "剑胆琴心"], "data": [[1, "青梅煮酒"], [2, "剑胆琴心"], [4, "蝶恋花"], [5, "龙争虎斗"], [6, "飞龙在天"], [7, "天鹅坪"], [7, "长安城"], [8, "斗转星移"], [9, "唯我独尊"], [9, "破阵子"], [12, "乾坤一掷"], [12, "幽月轮"], [16, "绝代天骄"], [24, "梦江南"]]}, "8548": {"servers": ["长安城", "唯我独尊", "幽月轮", "破阵子", "斗转星移", "梦江南", "乾坤一掷", "龙争虎斗", "飞龙在天", "天鹅坪", "绝代天骄", "青梅煮酒", "蝶恋花", "剑胆琴心", "执子之手"], "data": [[1, "执子之手"], [2, "青梅煮酒"], [3, "剑胆琴心"], [6, "蝶恋花"], [7, "飞龙在天"], [7, "龙争虎斗"], [9, "长安城"], [11, "斗转星移"], [11, "破阵子"], [13, "天鹅坪"], [15, "唯我独尊"], [15, "幽月轮"], [16, "乾坤一掷"], [19, "绝代天骄"], [27, "梦江南"]]}, "8549": {"servers": ["唯我独尊", "斗转星移", "幽月轮", "乾坤一掷", "破阵子", "长安城", "梦江南", "天鹅坪", "龙争虎斗", "蝶恋花", "飞龙在天", "绝代天骄", "青梅煮酒", "剑胆琴心", "执子之手"], "data": [[1, "执子之手"], [1, "青梅煮酒"], [2, "剑胆琴心"], [4, "蝶恋花"], [5, "龙争虎斗"], [7, "天鹅坪"], [7, "斗转星移"], [7, "破阵子"], [7, "长安城"], [7, "飞龙在天"], [10, "唯我独尊"], [13, "幽月轮"], [16, "乾坤一掷"], [16, "绝代天骄"], [25, "梦江南"]]}}, "10": {"8550": [{"name": "输出心法", "value": 37, "itemStyle": {"color": "rgb(14,202,231)"}}, {"name": "治疗心法", "value": 2, "itemStyle": {"color": "rgb(54,202,37)"}}, {"name": "防御心法", "value": 83, "itemStyle": {"color": "rgb(210,10,18)"}}], "8548": [{"name": "输出心法", "value": 49, "itemStyle": {"color": "rgb(14,202,231)"}}, {"name": "治疗心法", "value": 3, "itemStyle": {"color": "rgb(54,202,37)"}}, {"name": "防御心法", "value": 110, "itemStyle": {"color": "rgb(210,10,18)"}}], "8549": [{"name": "输出心法", "value": 32, "itemStyle": {"color": "rgb(14,202,231)"}}, {"name": "治疗心法", "value": 2, "itemStyle": {"color": "rgb(54,202,37)"}}, {"name": "防御心法", "value": 94, "itemStyle": {"color": "rgb(210,10,18)"}}]}, "8": {"8550": [{"name": "云裳心经", "value": 139}, {"name": "相知", "value": 123}, {"name": "补天诀", "value": 117}, {"name": "离经易道", "value": 117}], "8548": [{"name": "相知", "value": 162}, {"name": "补天诀", "value": 157}, {"name": "云裳心经", "value": 152}, {"name": "离经易道", "value": 150}], "8549": [{"name": "云裳心经", "value": 178}, {"name": "离经易道", "value": 139}, {"name": "补天诀", "value": 137}, {"name": "相知", "value": 129}]}, "4": {"8550": [{"name": "4个", "value": 112}, {"name": "5个", "value": 9}, {"name": "3个", "value": 1}], "8548": [{"name": "4个", "value": 137}, {"name": "3个", "value": 23}, {"name": "2个", "value": 2}], "8549": [{"name": "5个", "value": 72}, {"name": "4个", "value": 55}, {"name": "3个", "value": 1}]}, "3": {"8550": [{"name": "太玄经", "value": 256}, {"name": "问水诀", "value": 224}, {"name": "毒经", "value": 214}, {"name": "紫霞功", "value": 159}, {"name": "冰心诀", "value": 156}, {"name": "太虚剑意", "value": 141}, {"name": "云裳心经", "value": 139}, {"name": "北傲诀", "value": 128}, {"name": "易筋经", "value": 125}, {"name": "分山劲", "value": 125}, {"name": "相知", "value": 123}, {"name": "铁牢律", "value": 120}, {"name": "补天诀", "value": 117}, {"name": "离经易道", "value": 117}, {"name": "明尊琉璃体", "value": 116}, {"name": "笑尘诀", "value": 113}, {"name": "傲血战意", "value": 106}, {"name": "焚影圣诀", "value": 99}, {"name": "花间游", "value": 95}, {"name": "隐龙诀", "value": 88}, {"name": "天罗诡道", "value": 85}, {"name": "惊羽诀", "value": 69}, {"name": "凌海诀", "value": 47}, {"name": "莫问", "value": 46}, {"name": "洗髓经", "value": 39}, {"name": "铁骨衣", "value": 3}], "8548": [{"name": "毒经", "value": 307}, {"name": "太玄经", "value": 298}, {"name": "问水诀", "value": 292}, {"name": "冰心诀", "value": 239}, {"name": "紫霞功", "value": 225}, {"name": "分山劲", "value": 189}, {"name": "太虚剑意", "value": 183}, {"name": "北傲诀", "value": 165}, {"name": "相知", "value": 162}, {"name": "易筋经", "value": 159}, {"name": "补天诀", "value": 157}, {"name": "云裳心经", "value": 152}, {"name": "离经易道", "value": 150}, {"name": "铁牢律", "value": 147}, {"name": "傲血战意", "value": 146}, {"name": "明尊琉璃体", "value": 145}, {"name": "花间游", "value": 143}, {"name": "笑尘诀", "value": 141}, {"name": "焚影圣诀", "value": 134}, {"name": "隐龙诀", "value": 121}, {"name": "惊羽诀", "value": 112}, {"name": "天罗诡道", "value": 92}, {"name": "凌海诀", "value": 68}, {"name": "洗髓经", "value": 58}, {"name": "莫问", "value": 56}, {"name": "铁骨衣", "value": 8}], "8549": [{"name": "太玄经", "value": 257}, {"name": "问水诀", "value": 228}, {"name": "毒经", "value": 228}, {"name": "云裳心经", "value": 178}, {"name": "紫霞功", "value": 174}, {"name": "太虚剑意", "value": 149}, {"name": "冰心诀", "value": 144}, {"name": "离经易道", "value": 139}, {"name": "补天诀", "value": 137}, {"name": "分山劲", "value": 135}, {"name": "相知", "value": 129}, {"name": "铁牢律", "value": 123}, {"name": "明尊琉璃体", "value": 123}, {"name": "北傲诀", "value": 118}, {"name": "傲血战意", "value": 114}, {"name": "笑尘诀", "value": 108}, {"name": "洗髓经", "value": 104}, {"name": "焚影圣诀", "value": 98}, {"name": "花间游", "value": 96}, {"name": "隐龙诀", "value": 92}, {"name": "天罗诡道", "value": 81}, {"name": "易筋经", "value": 79}, {"name": "惊羽诀", "value": 72}, {"name": "莫问", "value": 49}, {"name": "凌海诀", "value": 42}, {"name": "铁骨衣", "value": 1}]}, "2": {"8550": [{"name": "五毒", "value": 331}, {"name": "纯阳", "value": 300}, {"name": "七秀", "value": 295}, {"name": "衍天", "value": 256}, {"name": "天策", "value": 226}, {"name": "藏剑", "value": 224}, {"name": "明教", "value": 215}, {"name": "万花", "value": 212}, {"name": "长歌", "value": 169}, {"name": "少林", "value": 164}, {"name": "唐门", "value": 154}, {"name": "霸刀", "value": 128}, {"name": "苍云", "value": 128}, {"name": "丐帮", "value": 113}, {"name": "凌雪", "value": 88}, {"name": "蓬莱", "value": 47}], "8548": [{"name": "五毒", "value": 464}, {"name": "纯阳", "value": 408}, {"name": "七秀", "value": 391}, {"name": "衍天", "value": 298}, {"name": "天策", "value": 293}, {"name": "万花", "value": 293}, {"name": "藏剑", "value": 292}, {"name": "明教", "value": 279}, {"name": "长歌", "value": 218}, {"name": "少林", "value": 217}, {"name": "唐门", "value": 204}, {"name": "苍云", "value": 197}, {"name": "霸刀", "value": 165}, {"name": "丐帮", "value": 141}, {"name": "凌雪", "value": 121}, {"name": "蓬莱", "value": 68}], "8549": [{"name": "五毒", "value": 365}, {"name": "纯阳", "value": 323}, {"name": "七秀", "value": 322}, {"name": "衍天", "value": 257}, {"name": "天策", "value": 237}, {"name": "万花", "value": 235}, {"name": "藏剑", "value": 228}, {"name": "明教", "value": 221}, {"name": "少林", "value": 183}, {"name": "长歌", "value": 178}, {"name": "唐门", "value": 153}, {"name": "苍云", "value": 136}, {"name": "霸刀", "value": 118}, {"name": "丐帮", "value": 108}, {"name": "凌雪", "value": 92}, {"name": "蓬莱", "value": 42}]}, "5": {"8550": [{"name": "2个", "value": 88}, {"name": "3个", "value": 34}], "8548": [{"name": "2个", "value": 96}, {"name": "3个", "value": 50}, {"name": "1个", "value": 16}], "8549": [{"name": "3个", "value": 91}, {"name": "2个", "value": 35}, {"name": "4个", "value": 2}]}}